city,cluster,latitude,longitude
"Aberdeen, SD",4,45.4649805,-98.487813
"Aberdeen, WA",0,46.975371,-123.815722
"Abilene, TX",1,32.44645,-99.7475905
"Ada, OK",0,34.7743383,-96.6783651
"Adrian, MI",0,41.8975152,-84.0373054
"Akron, OH",1,41.083064,-81.518485
"Alamogordo, NM",1,32.8998822,-105.9602081
"Albany, GA",4,31.5782062,-84.1556809
"Albany, NY",0,42.6511674,-73.754968
"Albany, OR",0,44.6365071,-123.1059324
"Albemarle, NC",0,35.3501426,-80.2000578
"Albert Lea, MN",1,43.6480127,-93.3682656
"Albertville, AL",1,34.2675937,-86.2088669
"Alexander City, AL",0,32.944012,-85.9538532
"Alexandria, LA",4,31.3119463,-92.4453558
"Alexandria, MN",1,45.8835101,-95.3745015
"Alice, TX",4,27.7522487,-98.0697249
"Allentown, PA",1,40.6022059,-75.4712794
"Alma, MI",4,31.5393701,-82.4623557
"Alpena, MI",0,45.0176181,-83.6670019
"Altoona, PA",1,40.5193586,-78.3968299
"Altus, OK",0,34.6381255,-99.3339754
"Amarillo, TX",1,35.20729,-101.8371192
"Americus, GA",1,32.0723862,-84.2326876
"Ames, IA",1,42.0267567,-93.6170448
"Amsterdam, NY",0,42.9412987,-74.1882332
"Anaheim, CA",3,33.8347516,-117.911732
"Anchorage, AK",0,61.2163129,-149.894852
"Andrews, TX",1,32.2690953,-102.6042447
"Angola, IN",0,41.634874,-84.99928
"Ann Arbor, MI",0,42.2813722,-83.7484616
"Anniston, AL",1,33.6624824,-85.8283224
"Appleton, WI",0,44.2613967,-88.4069744
"Arcadia, FL",1,27.2158826,-81.8584164
"Ardmore, OK",1,34.1729273,-97.1309119
"Arkadelphia, AR",4,34.1209292,-93.053784
"Asheville, NC",0,35.595363,-82.5508407
"Ashland, OH",0,40.7887367,-82.2360391
"Ashtabula, OH",1,41.8647873,-80.7841284
"Astoria, OR",0,46.1882007,-123.8319802
"Atchison, KS",4,39.545816,-95.3326052
"Athens, OH",4,39.355589,-82.0610404
"Athens, TN",1,35.4428864,-84.5930113
"Athens, TX",1,32.2044416,-95.854914
"Atlanta, GA",2,33.7489924,-84.3902644
"Atlantic City, NJ",0,39.3642852,-74.4229351
"Atmore, AL",1,31.0237921,-87.4938708
"Auburn, AL",0,32.6098566,-85.4807825
"Auburn, IN",0,41.3669902,-85.0588632
"Auburn, NY",1,42.9320202,-76.5672029
"Augusta, GA",1,33.4709714,-81.9748429
"Augusta, ME",0,44.3169922,-69.7734278
"Austin, MN",0,43.6679992,-92.9746498
"Austin, TX",2,30.2711286,-97.7436995
"Bainbridge, GA",4,30.9038252,-84.5754768
"Bakersfield, CA",1,35.3738712,-119.019463
"Baltimore, MD",2,39.2908816,-76.610759
"Bangor, ME",0,44.8016255,-68.7713289
"Baraboo, WI",0,43.4704014,-89.7437844
"Bardstown, KY",1,37.8092463,-85.4669015
"Barnstable Town, MA",0,41.6651395,-70.2873499
"Barre, VT",1,44.1969042,-72.5007458
"Bartlesville, OK",1,36.7421089,-95.9528877
"Batavia, NY",1,42.9980144,-78.1875515
"Batesville, AR",1,35.7708144,-91.6531128
"Battle Creek, MI",1,42.3192548,-85.1824269
"Bay City, MI",1,43.5962107,-83.8881711
"Bay City, TX",1,28.9827565,-95.969402
"Beatrice, NE",1,40.266429,-96.747369
"Beaumont, TX",1,30.0829344,-94.0984277
"Beaver Dam, WI",0,43.4577692,-88.837329
"Bedford, IN",0,38.8611619,-86.4872149
"Beeville, TX",1,28.4008319,-97.7483312
"Bellefontaine, OH",1,40.3611643,-83.7596557
"Bellingham, WA",0,48.7544012,-122.478836
"Bemidji, MN",0,47.4785418,-94.8907869
"Bend, OR",0,44.0581728,-121.3153096
"Bennettsville, SC",4,34.6173803,-79.6847814
"Bennington, VT",0,42.8788667,-73.1968205
"Berlin, NH",1,44.4688795,-71.1836547
"Big Rapids, MI",4,43.698078,-85.483656
"Big Stone Gap, VA",4,36.8677938,-82.7742267
"Billings, MT",1,45.7874957,-108.49607
"Binghamton, NY",1,42.098698,-75.9125187
"Birmingham, AL",1,33.5206824,-86.8024326
"Bismarck, ND",0,46.808327,-100.783739
"Blackfoot, ID",0,43.190039,-112.348357
"Blacksburg, VA",0,37.2296566,-80.4136767
"Bloomington, IL",0,40.4797828,-88.9939147
"Bloomington, IN",0,39.1670396,-86.5342881
"Bloomsburg, PA",0,41.0044958,-76.4537302
"Bluefield, WV",4,37.2698395,-81.2223195
"Bluffton, IN",1,40.7386579,-85.1716368
"Blytheville, AR",4,35.9288199,-89.9073557
"Bogalusa, LA",1,30.7910204,-89.8486858
"Boise City, ID",1,43.6166163,-116.200886
"Bonham, TX",1,33.5822077,-96.1785028
"Boone, NC",0,36.2187873,-81.684004
"Boston, MA",3,42.3554334,-71.060511
"Boulder, CO",0,40.0149856,-105.270545
"Bowling Green, KY",1,36.9903199,-86.4436018
"Bradford, PA",1,41.7746685,-76.5264613
"Brainerd, MN",0,46.3580221,-94.2008288
"Branson, MO",1,36.6440772,-93.2169256
"Breckenridge, CO",3,39.4829124,-106.0465486
"Bremerton, WA",0,47.5653663,-122.6246836
"Brenham, TX",0,30.1668828,-96.3977442
"Brevard, NC",0,35.2334472,-82.7342919
"Bridgeport, CT",0,41.1792695,-73.1887863
"Brookhaven, MS",1,31.5790667,-90.4407122
"Brookings, OR",0,42.0521298,-124.2832868
"Brookings, SD",0,44.311461,-96.79844
"Brownsville, TN",4,35.5939671,-89.262291
"Brownsville, TX",1,25.9024289,-97.4981698
"Brownwood, TX",1,31.7070026,-98.9831022
"Brunswick, GA",0,31.1499528,-81.4914894
"Bucyrus, OH",4,40.8083909,-82.9754649
"Buffalo, NY",0,42.8867166,-78.8783922
"Burley, ID",1,42.5357428,-113.792794
"Burlington, IA",4,40.8126922,-91.1020205
"Burlington, NC",1,36.0956918,-79.4377991
"Burlington, VT",0,44.4761601,-73.212906
"Cadillac, MI",1,44.2519526,-85.4011619
"Calhoun, GA",1,31.5311784,-84.614328
"California, MD",0,38.2974855,-76.49336475677474
"Cambridge, MD",0,38.5714624,-76.0763177
"Cambridge, OH",1,40.031183,-81.5884561
"Camden, AR",4,33.5845582,-92.8343294
"Camden, NJ",1,39.9448402,-75.1198911
"Campbellsville, KY",4,37.3433974,-85.3419069
"Canton, OH",1,40.7985464,-81.3749508
"Cape Coral, FL",2,26.5625742,-81.9438802
"Cape Girardeau, MO",1,37.3034933,-89.5230357
"Carbondale, IL",1,37.7274692,-89.216655
"Carlsbad, NM",1,32.4257456,-104.237612
"Carroll, IA",1,42.0193628,-94.860335
"Carson City, NV",0,39.1663259,-119.7670374
"Casper, WY",0,42.8501191,-106.325138
"Cañon City, CO",1,38.4422506,-105.2348795
"Cedar City, UT",0,37.6774238,-113.061827
"Cedar Rapids, IA",1,41.9758872,-91.6704053
"Cedartown, GA",1,34.0124425,-85.2559398
"Celina, OH",1,40.5489358,-84.5702338
"Central City, KY",1,37.2939322,-87.1233292
"Centralia, IL",4,38.5250491,-89.1334037
"Centralia, WA",0,46.7204489,-122.96143
"Chambersburg, PA",0,39.9375112,-77.6612586
"Champaign, IL",0,40.1164841,-88.2430932
"Charleston, IL",4,39.4961458,-88.1761521
"Charleston, SC",1,32.7884363,-79.9399309
"Charlottesville, VA",0,38.029306,-78.4766781
"Cheyenne, WY",1,41.139981,-104.820246
"Chicago, IL",2,41.8755616,-87.6244212
"Chico, CA",1,39.7284945,-121.8374777
"Chillicothe, OH",0,39.3331197,-82.9824019
"Cincinnati, OH",1,39.1014537,-84.5124602
"Clarksdale, MS",4,34.2006479,-90.5702071
"Clarksville, TN",1,36.5277607,-87.3588703
"Clearlake, CA",1,38.9582307,-122.626372
"Cleveland, MS",4,33.7440023,-90.7248187
"Cleveland, OH",1,41.4996574,-81.6936772
"Cleveland, TN",1,35.1595182,-84.8766115
"Clewiston, FL",1,26.7542312,-80.9336753
"Clinton, IA",1,41.9054695,-90.5599971
"Clovis, NM",0,34.405472,-103.2050709
"Coeur d'Alene, ID",0,47.6742994,-116.7811531
"Coffeyville, KS",4,37.0372999,-95.6163634
"Coldwater, MI",4,41.941091,-85.0030617
"College Station, TX",1,30.6183939,-96.3455991
"Columbia, MO",1,38.951883,-92.3337366
"Columbus, IN",1,39.2014405,-85.9213796
"Columbus, MS",4,33.4956744,-88.4272627
"Columbus, NE",0,41.4292988,-97.3581439
"Columbus, OH",1,39.9622601,-83.0007065
"Concord, NH",0,43.207178,-71.537476
"Connersville, IN",1,39.6411589,-85.1410748
"Cookeville, TN",1,36.1623886,-85.4997057
"Coos Bay, OR",0,43.3678937,-124.2174647
"Cordele, GA",4,31.9691606,-83.782718
"Corinth, MS",4,34.9343599,-88.5223353
"Cornelia, GA",1,34.5114883,-83.5271166
"Corning, NY",4,42.1435257,-77.0543408
"Corsicana, TX",1,32.091299,-96.4646821
"Cortland, NY",1,42.5842136,-76.0704906
"Corvallis, OR",0,44.5645659,-123.2620435
"Coshocton, OH",1,40.2905684,-81.9271441
"Craig, CO",0,40.5152491,-107.5464541
"Crawfordsville, IN",1,40.0408627,-86.8997385
"Crescent City, CA",0,41.7538193,-124.1966461
"Crestview, FL",1,30.7621326,-86.5705084
"Crossville, TN",0,35.949684,-85.0274835
"Cullman, AL",1,34.1335332,-86.8779268
"Cullowhee, NC",0,35.3137739,-83.1765814
"Cumberland, MD",1,39.6526498,-78.762383
"Dallas, TX",2,32.7762719,-96.7968559
"Dalton, GA",1,34.7691867,-84.9702475
"Danville, IL",4,40.125222,-87.6304614
"Danville, KY",1,37.6456488,-84.7721823
"Danville, VA",1,36.5879877,-79.3916713
"Daphne, AL",1,30.6035255,-87.9036047
"Davenport, IA",1,41.5235808,-90.5770967
"Dayton, OH",1,39.7589478,-84.1916069
"Dayton, TN",1,35.4939587,-85.0124535
"DeRidder, LA",4,30.846201,-93.289281
"Decatur, AL",1,34.6060203,-86.9838165
"Decatur, IL",1,39.8454163,-88.9524151
"Decatur, IN",0,39.2862128,-85.4943058
"Defiance, OH",1,41.3203058,-84.5084835
"Del Rio, TX",1,29.357515,-100.8987707
"Deltona, FL",1,28.904843,-81.2273119
"Deming, NM",4,32.2627416,-107.7581979
"Denver, CO",2,39.7392364,-104.984862
"Des Moines, IA",1,41.5868654,-93.6249494
"Detroit, MI",1,42.3315509,-83.0466403
"Dickinson, ND",0,46.8791756,-102.7896242
"Dixon, IL",0,41.8425197,-89.4814291
"Dodge City, KS",1,37.7527982,-100.0170787
"Dothan, AL",1,31.2237285,-85.3934375
"Douglas, GA",1,33.6995565,-84.7622973
"Dover, DE",0,39.158168,-75.5243682
"DuBois, PA",0,41.118651,-78.7622342
"Dublin, GA",1,32.5404447,-82.903754
"Dubuque, IA",1,42.5006243,-90.6647985
"Duncan, OK",4,34.5023029,-97.9578129
"Durango, CO",0,37.2769484,-107.8766
"Durant, OK",0,33.9919761,-96.3776762
"Durham, NC",0,35.996653,-78.9018053
"Dyersburg, TN",1,36.0346393,-89.3857496
"Eagle Pass, TX",1,28.7083999,-100.503941
"East Stroudsburg, PA",1,40.9995386,-75.1812913
"Easton, MD",0,38.7744625,-76.0763244
"Eau Claire, WI",0,44.811349,-91.4984941
"Edwards, CO",3,39.624457,-106.63085239890027
"Effingham, IL",4,39.0520902,-88.6029006
"El Campo, TX",4,29.1966405,-96.2696867
"El Centro, CA",0,32.792,-115.563051
"El Dorado, AR",1,33.2115087,-92.6650144
"El Paso, TX",1,31.7601164,-106.4870404
"Elgin, IL",0,42.03726,-88.2810994
"Elizabeth City, NC",1,36.3010192,-76.2203699
"Elizabethtown, KY",1,37.693952,-85.8591285
"Elk City, OK",4,35.4140081,-99.4138648
"Elkhart, IN",1,41.6012796,-85.8590603
"Elko, NV",0,41.1958128,-115.3272864
"Ellensburg, WA",0,46.9970635,-120.545122
"Elmira, NY",4,42.0897965,-76.8077338
"Emporia, KS",4,38.4040054,-96.181623
"Enid, OK",1,36.3967623,-97.8791341
"Enterprise, AL",1,31.3151708,-85.8552161
"Erie, PA",1,42.1294712,-80.0852695
"Escanaba, MI",1,45.7455707,-87.0647434
"Española, NM",0,35.9910962,-106.080835
"Eufaula, AL",1,31.8912717,-85.1454876
"Eugene, OR",0,44.0505054,-123.0950506
"Eureka, CA",1,40.7906871,-124.1673746
"Evanston, WY",0,41.2682462,-110.963758
"Evansville, IN",1,37.970495,-87.5715641
"Fairbanks, AK",1,64.837845,-147.716675
"Fairfield, IA",4,41.0072342,-91.9630039
"Fairmont, MN",1,43.6521775,-94.4610832
"Fallon, NV",0,39.4745166,-118.777895
"Faribault, MN",0,43.6647961,-93.9510501
"Farmington, MO",1,37.7803037,-90.4226371
"Farmington, NM",1,36.7291152,-108.205445
"Fayetteville, AR",1,36.0625843,-94.1574328
"Fayetteville, NC",1,35.0525759,-78.878292
"Fergus Falls, MN",1,46.283015,-96.077558
"Fernley, NV",0,39.6075249,-119.2508406
"Findlay, OH",1,41.0413873,-83.6503982
"Fitzgerald, GA",4,31.715036,-83.2541994
"Flagstaff, AZ",0,35.1987522,-111.651822
"Flint, MI",1,43.0161693,-83.6900211
"Florence, AL",1,34.79981,-87.677251
"Florence, SC",1,34.1984435,-79.7671658
"Fond du Lac, WI",1,43.7533414,-88.4493796
"Forest City, NC",1,35.3337279,-81.8649245
"Forrest City, AR",0,35.0081474,-90.7898342
"Fort Collins, CO",0,40.5871782,-105.0770113
"Fort Lauderdale, FL",2,26.1223084,-80.1433786
"Fort Leonard Wood, MO",1,37.70114,-92.16933029454007
"Fort Madison, IA",1,40.6311415,-91.3084007
"Fort Morgan, CO",1,40.2502582,-103.799951
"Fort Payne, AL",1,34.4442547,-85.7196893
"Fort Polk South, LA",1,31.08097335,-93.19981677492012
"Fort Smith, AR",1,35.3880338,-94.4265011
"Fort Wayne, IN",1,41.0799898,-85.1386015
"Fort Worth, TX",2,32.753177,-97.3327459
"Frankfort, IN",0,40.2797657,-86.5108244
"Frankfort, KY",1,38.2009055,-84.8732836
"Frederick, MD",0,39.415779,-77.4127562
"Fredericksburg, TX",1,30.2752011,-98.8719843
"Freeport, IL",1,42.2966861,-89.6212271
"Fremont, NE",1,41.4338363,-96.4960449
"Fremont, OH",0,41.3473413,-83.1134972
"Fresno, CA",1,36.7394421,-119.78483
"Gadsden, AL",1,34.0128323,-86.0030251
"Gaffney, SC",1,35.0717945,-81.6498195
"Gainesville, FL",1,29.6519684,-82.3249846
"Gainesville, GA",0,34.2978794,-83.8240663
"Gainesville, TX",1,33.6258504,-97.1332963
"Galesburg, IL",4,40.9475652,-90.3712169
"Gallup, NM",4,35.5283506,-108.743907
"Garden City, KS",1,37.9716898,-100.8726618
"Gardnerville Ranchos, NV",0,38.8958109,-119.7419547
"Gary, IN",1,41.5702561,-87.3365496
"Georgetown, SC",0,33.4392245,-79.3343041
"Gettysburg, PA",1,39.8308973,-77.231012
"Gillette, WY",4,44.290635,-105.501876
"Glasgow, KY",1,36.995906,-85.9124842
"Glens Falls, NY",0,43.309941,-73.644447
"Glenwood Springs, CO",0,39.5466381,-107.3246941
"Gloversville, NY",1,43.0508945,-74.3452991
"Goldsboro, NC",1,35.3848841,-77.9927651
"Granbury, TX",1,32.4426759,-97.7870525
"Grand Island, NE",1,40.924271,-98.338685
"Grand Junction, CO",1,39.0672568,-108.56448
"Grand Rapids, MI",0,42.9632425,-85.6678639
"Grand Rapids, MN",0,47.237166,-93.530214
"Grants Pass, OR",0,42.4393707,-123.3272489
"Grants, NM",4,35.14726,-107.851446
"Great Falls, MT",0,47.5048851,-111.29189
"Greeley, CO",1,40.4233142,-104.7091322
"Green Bay, WI",0,44.5126379,-88.0125794
"Greeneville, TN",1,36.1631575,-82.8309861
"Greensboro, NC",1,36.0726355,-79.7919754
"Greensburg, IN",1,39.3372722,-85.483581
"Greenville, MS",4,33.4111051,-91.0635857
"Greenville, NC",0,35.613224,-77.3724593
"Greenville, OH",1,40.1023909,-84.6332986
"Greenville, SC",1,34.851354,-82.3984882
"Greenwood, MS",0,33.5162315,-90.1795281
"Greenwood, SC",1,34.1489805,-82.112882
"Grenada, MS",1,33.772401,-89.7674875
"Gulfport, MS",1,30.3674198,-89.0928155
"Guymon, OK",4,36.6828041,-101.4815493
"Hagerstown, MD",1,39.6430455,-77.7191081
"Hailey, ID",3,43.519629,-114.315325
"Hammond, LA",1,30.5043583,-90.4611995
"Hanford, CA",1,36.3277959,-119.6461565
"Hannibal, MO",1,39.7082498,-91.3587413
"Harrisburg, PA",1,40.2663107,-76.8861122
"Harrison, AR",0,36.2297936,-93.1076765
"Harrisonburg, VA",0,38.4493315,-78.8688833
"Hartford, CT",0,41.764582,-72.6908547
"Hastings, NE",4,40.5861322,-98.3898883
"Heber, UT",3,40.506463,-111.4132963
"Henderson, NC",1,35.3389062,-82.4663918
"Hermiston, OR",0,45.8404101,-119.28946
"Hickory, NC",1,35.7333312,-81.3442915
"Hillsdale, MI",1,41.8779105,-84.5984396
"Hilo, HI",0,19.7073734,-155.08158
"Hilton Head Island, SC",0,32.1618488,-80.7512616
"Hinesville, GA",0,31.8477347,-81.5960705
"Hobbs, NM",1,32.707667,-103.1311314
"Holland, MI",0,42.7876022,-86.1090828
"Homosassa Springs, FL",1,28.8150599,-82.5550448941568
"Honolulu, HI",3,21.304547,-157.855676
"Hood River, OR",0,45.5311636,-121.6475587
"Hope, AR",1,33.6670616,-93.5915665
"Hot Springs, AR",1,34.5038393,-93.0552437
"Houghton, MI",1,46.8591287,-88.7774734
"Houma, LA",1,29.5957696,-90.7195348
"Houston, TX",2,29.7589382,-95.3676974
"Hudson, NY",0,42.2528649,-73.790959
"Huntington, IN",1,40.8008286,-85.5018494
"Huntington, WV",1,38.4192496,-82.445154
"Huntsville, AL",1,34.729847,-86.5859011
"Huntsville, TX",4,30.7235263,-95.5507771
"Huron, SD",4,44.36308,-98.214388
"Hutchinson, KS",1,38.0608444,-97.9297743
"Hutchinson, MN",1,44.8877401,-94.3697057
"Idaho Falls, ID",1,43.4887907,-112.03628
"Indiana, PA",4,40.6424116,-79.1262839
"Indianapolis, IN",2,39.7683331,-86.1583502
"Indianola, MS",4,33.4509513,-90.6550917
"Iowa City, IA",0,41.6612561,-91.5299106
"Iron Mountain, MI",4,45.820233,-88.06596
"Ithaca, NY",0,42.4374175,-76.54837235139263
"Jackson, MI",1,32.2998686,-90.1830408
"Jackson, MS",1,32.2998686,-90.1830408
"Jackson, OH",0,39.0131871,-82.6089043
"Jackson, TN",1,35.6144446,-88.8177418
"Jackson, WY",3,43.479965,-110.761815
"Jacksonville, FL",2,30.3321838,-81.655651
"Jacksonville, IL",4,39.7343697,-90.228782
"Jacksonville, NC",1,34.7494749,-77.4208221
"Jacksonville, TX",1,31.963778,-95.2705042
"Jamestown, ND",1,46.910544,-98.708436
"Jamestown, NY",1,42.0965167,-79.2380322
"Janesville, WI",0,42.6829765,-89.0226793
"Jasper, AL",1,33.8312185,-87.2775053
"Jasper, IN",4,41.0321808,-87.1066598
"Jefferson City, MO",1,38.577359,-92.1724265
"Jefferson, GA",1,33.0380388,-82.436141
"Jennings, LA",4,30.2224284,-92.657085
"Jesup, GA",1,31.6074365,-81.8853924
"Johnson City, TN",0,36.3134398,-82.3534728
"Johnstown, PA",1,40.3267407,-78.9219698
"Jonesboro, AR",1,35.8272257,-90.6949871
"Joplin, MO",1,37.0841838,-94.5133385
"Kahului, HI",3,20.8894101,-156.4727118
"Kalamazoo, MI",1,42.291707,-85.5872286
"Kankakee, IL",0,41.1253903,-87.848682
"Kapaa, HI",3,22.0833399,-159.34635231502904
"Kearney, NE",0,40.4906216,-98.9472344
"Keene, NH",0,42.933597,-72.2784264
"Kendallville, IN",4,41.4414385,-85.2649754
"Kennett, MO",4,36.2381082,-90.0551598
"Kennewick, WA",0,46.2087066,-119.119919
"Kerrville, TX",1,30.048469,-99.1399464
"Ketchikan, AK",0,55.3430696,-131.6466819
"Key West, FL",3,24.5548262,-81.8020722
"Kill Devil Hills, NC",0,36.0321186,-75.6776147
"Killeen, TX",1,31.1171441,-97.727796
"Kingsport, TN",1,36.550238,-82.5594293
"Kingston, NY",0,41.9287812,-74.0023825
"Kingsville, TX",1,27.5158689,-97.856109
"Kinston, NC",1,35.2626635,-77.5816353
"Kirksville, MO",1,40.1948848,-92.5833939
"Klamath Falls, OR",1,42.224867,-121.78167
"Knoxville, TN",1,35.9603948,-83.9210261
"Kokomo, IN",1,40.4864444,-86.1336351
"La Crosse, WI",0,43.8122836,-91.2514355
"La Grande, OR",0,45.3246068,-118.0878695
"LaGrange, GA",1,33.039291,-85.0313269
"Laconia, NH",0,43.5278546,-71.470351
"Lafayette, IN",1,40.4191229,-86.8919011
"Lafayette, LA",1,30.2262187,-92.0178202
"Lake Charles, LA",1,30.2305095,-93.2169807
"Lake City, FL",0,30.1894252,-82.6394803
"Lake County, IL",0,42.332738,-87.9939552
"Lake Havasu City, AZ",1,34.4775296,-114.3379972
"Lakeland, FL",1,28.0394654,-81.9498042
"Lancaster, PA",0,40.0379958,-76.3056707
"Lansing, MI",1,42.7338254,-84.5546295
"Laramie, WY",1,41.3116442,-105.5917876
"Laredo, TX",1,27.5075005,-99.5069922
"Las Cruces, NM",1,32.3140354,-106.779807
"Las Vegas, NM",4,35.5939325,-105.223896
"Las Vegas, NV",2,36.2533896,-115.2794366262601
"Laurinburg, NC",1,34.7740495,-79.4628248
"Lawrence, KS",0,38.9719137,-95.2359403
"Lawrenceburg, TN",1,35.2423023,-87.3347389
"Lawton, OK",1,34.6086854,-98.3903305
"Lebanon, MO",0,37.6806669,-92.6637835
"Lebanon, NH",0,43.643032,-72.251587
"Lebanon, PA",0,40.375713,-76.4626118
"Lewisburg, PA",1,40.9645337,-76.8847639
"Lewisburg, TN",1,35.4492404,-86.7888887
"Lewiston, ID",1,46.4195913,-117.0216144
"Lewiston, ME",0,44.1004515,-70.2150294
"Lewistown, PA",1,40.5992395,-77.571382
"Lexington, KY",0,38.0464066,-84.4970393
"Lexington, NE",1,40.7788486,-99.7414869
"Lima, OH",0,40.7399785,-84.105006
"Lincoln, IL",0,40.1481349,-89.3636569
"Lincoln, NE",0,40.8088861,-96.7077751
"Little Rock, AR",1,34.7465071,-92.2896267
"Lock Haven, PA",4,41.1369077,-77.4471641
"Logan, UT",0,41.7313063,-111.834914
"Logansport, IN",4,40.7542375,-86.3625191
"London, KY",1,37.1283343,-84.0835576
"Longview, TX",1,32.5007031,-94.74049
"Longview, WA",1,46.1377048,-122.934462
"Los Alamos, NM",0,35.88137,-106.298959
"Los Angeles, CA",2,34.0536909,-118.242766
"Louisville, KY",1,38.2542376,-85.759407
"Lubbock, TX",1,33.5855677,-101.8470215
"Ludington, MI",0,43.9555406,-86.4477416
"Lufkin, TX",0,31.3386242,-94.7288558
"Lumberton, NC",1,34.6183305,-79.008205
"Lynchburg, VA",0,37.4137536,-79.1422464
"Macomb, IL",4,40.4588934,-90.6713939
"Macon, GA",1,32.8406946,-83.6324022
"Madera, CA",1,37.1716264,-119.7737991
"Madison, IN",1,40.1624531,-85.7260804
"Madison, WI",0,43.074761,-89.3837613
"Madisonville, KY",4,37.3280037,-87.4986989
"Magnolia, AR",1,33.2670725,-93.2393341
"Malone, NY",0,44.84881,-74.295044
"Malvern, AR",4,34.3625823,-92.8092694
"Manchester, NH",0,42.9956397,-71.4547891
"Manhattan, KS",1,39.1836082,-96.5716694
"Manitowoc, WI",1,44.0998341,-87.827992
"Mansfield, OH",1,40.75839,-82.5154471
"Marietta, OH",0,39.4167742,-81.4548392
"Marinette, WI",1,45.3834983,-88.0409574
"Marion, IN",4,40.5583739,-85.6591442
"Marion, NC",0,35.6841022,-82.0091028
"Marion, OH",1,40.5885271,-83.1895249
"Marquette, MI",0,46.4481521,-87.6305899
"Marshall, MN",1,48.3605336,-96.381968
"Marshall, MO",1,39.1230777,-93.1968704
"Marshalltown, IA",1,42.048881,-92.9122672
"Martin, TN",4,36.3432777,-88.8503514
"Martinsville, VA",1,36.6915262,-79.8725386
"Maryville, MO",1,40.3460468,-94.8723858
"Mason City, IA",4,43.1524574,-93.2017941
"Mayfield, KY",0,36.7413624,-88.6352595
"Maysville, KY",4,38.6474569,-83.7644793
"McAlester, OK",1,34.9334981,-95.7697934
"McAllen, TX",1,26.204114,-98.2300605
"McComb, MS",4,31.2437872,-90.4531536
"McMinnville, TN",1,35.683404,-85.7699816
"McPherson, KS",0,38.3659015,-97.6575171
"Meadville, PA",4,41.641445,-80.151449
"Medford, OR",0,42.3264181,-122.8718605
"Memphis, TN",1,35.1460249,-90.0517638
"Menomonie, WI",1,44.8765289,-91.9278716
"Merced, CA",1,37.1641544,-120.7678602
"Meridian, MS",4,32.3643098,-88.703656
"Mexico, MO",1,39.1697626,-91.8829484
"Miami, FL",2,25.7741728,-80.19362
"Miami, OK",4,36.8746177,-94.877374
"Michigan City, IN",4,41.7075394,-86.8950297
"Middlesborough, KY",1,36.6072968,-83.7143317
"Midland, MI",1,31.83688,-102.0103767
"Midland, TX",1,31.83688,-102.0103767
"Milledgeville, GA",1,33.0801429,-83.2320991
"Milwaukee, WI",0,43.0386475,-87.9090751
"Minden, LA",1,32.6154278,-93.2868354
"Mineral Wells, TX",0,32.8084605,-98.1128223
"Minneapolis, MN",2,44.9772995,-93.2654692
"Minot, ND",0,48.23251,-101.296273
"Mitchell, SD",1,43.70953,-98.025379
"Moberly, MO",4,39.4201137,-92.4364298
"Mobile, AL",1,30.6913462,-88.0437509
"Modesto, CA",0,37.6393419,-120.9968892
"Monroe, LA",1,32.5025471,-92.116219
"Monroe, MI",0,41.0400423,-75.3249475
"Montgomery County, PA",0,40.2154361,-75.3702305
"Montgomery, AL",1,32.37742,-86.3091683
"Montrose, CO",0,38.4375391,-108.2403855
"Morehead City, NC",0,34.7229391,-76.7260436
"Morgan City, LA",4,29.6993748,-91.20677
"Morristown, TN",1,36.2139814,-83.2948923
"Moscow, ID",0,46.7323875,-117.000165
"Moses Lake, WA",0,47.1301417,-119.278077
"Moultrie, GA",4,31.179998,-83.7887928
"Mount Airy, NC",1,36.4993877,-80.6072138
"Mount Pleasant, MI",1,33.1570582,-94.9694007
"Mount Pleasant, TX",4,33.1570582,-94.9694007
"Mount Sterling, KY",4,38.0561079,-83.9431961
"Mount Vernon, IL",1,38.3172715,-88.9031201
"Mount Vernon, OH",1,40.3933956,-82.4857181
"Mount Vernon, WA",0,48.4200462,-122.32642
"Mountain Home, AR",1,36.3361391,-92.3801187
"Mountain Home, ID",0,43.1329504,-115.691197
"Muncie, IN",1,40.1936892,-85.3865271
"Murray, KY",1,36.6105066,-88.3151539
"Muscatine, IA",1,41.4776121,-91.1210053
"Muskegon, MI",1,43.2341813,-86.2483921
"Muskogee, OK",1,35.6630196,-95.3927706
"Myrtle Beach, SC",1,33.6956461,-78.8900409
"Nacogdoches, TX",4,31.5970503,-94.5927451
"Napa, CA",3,38.4898675,-122.3218414
"Naples, FL",1,26.1421976,-81.7942944
"Nashville, TN",2,36.1622767,-86.7742984
"Nassau County, NY",3,40.7352994,-73.5615778
"Natchez, MS",1,31.5604076,-91.403171
"Natchitoches, LA",4,31.7606732,-93.0860209
"New Bern, NC",0,35.1084931,-77.0441143
"New Brunswick, NJ",0,40.4951365,-74.4439254
"New Castle, IN",1,39.9289351,-85.3702477
"New Castle, PA",1,40.9999202,-80.3471856
"New Haven, CT",0,41.3082138,-72.9250518
"New Orleans, LA",1,29.9759983,-90.0782127
"New Philadelphia, OH",0,40.4897871,-81.4456706
"New Ulm, MN",0,44.3140261,-94.4614177
"New York, NY",2,40.7127281,-74.0060152
"Newark, NJ",0,40.735657,-74.1723667
"Newberry, SC",1,34.3266879,-81.5830086
"Newport, OR",0,44.636755,-124.053442
"Newport, TN",0,35.9670412,-83.1876578
"Niles, MI",1,42.0289319,-87.8122348
"Nogales, AZ",1,31.3402134,-110.936081
"Norfolk, NE",4,42.0283379,-97.4169964
"North Platte, NE",0,41.1238873,-100.7654232
"North Port, FL",2,27.044224,-82.2359254
"North Vernon, IN",1,39.006165,-85.6235796
"North Wilkesboro, NC",1,36.1584651,-81.1475841
"Norwalk, OH",1,41.2424219,-82.6155745
"Norwich, CT",0,41.5243537,-72.0759008
"Oak Harbor, WA",0,48.2931559,-122.643224
"Oakland, CA",3,37.8044557,-122.271356
"Ocala, FL",1,29.1871986,-82.1400923
"Ocean City, NJ",0,39.2776156,-74.5746001
"Odessa, TX",1,31.8457149,-102.367687
"Ogden, UT",1,41.2230048,-111.9738429
"Ogdensburg, NY",1,44.694285,-75.486374
"Oil City, PA",4,41.433948,-79.706441
"Okeechobee, FL",1,27.3923408,-80.8873655
"Oklahoma City, OK",1,35.4729886,-97.5170536
"Olean, NY",1,42.0775022,-78.4298248
"Olympia, WA",0,47.0451022,-122.8950075
"Omaha, NE",1,41.2587459,-95.9383758
"Oneonta, NY",1,42.453492,-75.0629531
"Ontario, OR",1,44.0265525,-116.9629378
"Opelousas, LA",1,30.5335302,-92.081509
"Orangeburg, SC",4,33.4918203,-80.8556476
"Orlando, FL",2,28.5421109,-81.3790304
"Oshkosh, WI",0,44.0206919,-88.5408574
"Oskaloosa, IA",0,41.2951037,-92.6448451
"Othello, WA",1,46.8259742,-119.175291
"Ottawa, IL",0,41.3516628,-88.845436
"Ottawa, KS",1,39.1273653,-97.6568094
"Ottumwa, IA",4,41.0195659,-92.4116886
"Owatonna, MN",0,44.0839937,-93.2261076
"Owensboro, KY",0,37.7742152,-87.1133304
"Oxford, MS",0,34.3663773,-89.5187664
"Oxnard, CA",0,34.1976308,-119.180381
"Ozark, AL",0,31.4584764,-85.6405865
"Paducah, KY",1,37.0833893,-88.6000478
"Pahrump, NV",1,36.2087301,-115.984614
"Palatka, FL",4,29.6487882,-81.6372111
"Palestine, TX",1,31.7621153,-95.6307891
"Palm Bay, FL",1,27.9946969,-80.6366144
"Panama City, FL",1,30.1586518,-85.6602936
"Paragould, AR",1,36.0584021,-90.4973286
"Paris, TN",1,36.3019461,-88.3258578
"Paris, TX",1,33.6617962,-95.555513
"Parkersburg, WV",4,39.2667309,-81.5620755
"Parsons, KS",4,37.3407838,-95.2596295
"Payson, AZ",0,34.2406479,-111.323026
"Pearsall, TX",4,28.8921939,-99.095033
"Pella, IA",4,41.4073138,-92.9174074
"Pensacola, FL",1,30.421309,-87.2169149
"Peoria, IL",1,40.6938609,-89.5891008
"Peru, IN",4,40.7537253,-86.0690325
"Philadelphia, PA",1,39.9527237,-75.1635262
"Phoenix, AZ",2,33.4484367,-112.074141
"Picayune, MS",1,30.5254692,-89.6795084
"Pierre, SD",1,44.3683644,-100.351136
"Pine Bluff, AR",4,34.2228884,-92.004334
"Pinehurst, NC",0,35.1951981,-79.4692796
"Pittsburg, KS",4,37.4108841,-94.70496
"Pittsburgh, PA",1,40.4416941,-79.9900861
"Pittsfield, MA",0,42.4484778,-73.2541069
"Plainview, TX",1,34.1847936,-101.706841
"Platteville, WI",1,42.7342942,-90.4784451
"Plattsburgh, NY",1,44.6960855,-73.4542915
"Plymouth, IN",1,41.3436555,-86.3097278
"Pocatello, ID",1,42.8620287,-112.450627
"Point Pleasant, WV",4,38.8445251,-82.1370889
"Ponca City, OK",1,36.703647,-97.081898
"Pontiac, IL",1,40.8808666,-88.6297839
"Poplar Bluff, MO",1,36.7563166,-90.3944869
"Port Angeles, WA",0,48.118146,-123.430741
"Port Lavaca, TX",0,28.6149968,-96.6260892
"Port St. Lucie, FL",1,27.2939333,-80.3503283
"Portales, NM",1,34.1859636,-103.3373367
"Portland, ME",0,43.6573605,-70.2586618
"Portland, OR",2,45.5202471,-122.674194
"Portsmouth, OH",1,38.7345374,-82.9962742
"Pottsville, PA",1,40.6851324,-76.1953701
"Poughkeepsie, NY",0,41.7065539,-73.9283672
"Prescott Valley, AZ",0,34.5950776,-112.3338634
"Price, UT",4,39.5994095,-110.810714
"Prineville, OR",1,44.2998261,-120.834972
"Providence, RI",0,41.8239891,-71.4128343
"Provo, UT",0,40.2337289,-111.6587085
"Pueblo, CO",1,38.263995,-104.6141867
"Pullman, WA",0,46.7304268,-117.173895
"Punta Gorda, FL",1,26.9351529,-82.0512058
"Quincy, IL",1,39.9356016,-91.4098727
"Racine, WI",0,42.7313756,-87.7834769
"Raleigh, NC",1,35.7803977,-78.6390989
"Rapid City, SD",0,44.0806041,-103.228023
"Raymondville, TX",4,26.4814565,-97.783051
"Reading, PA",1,40.335345,-75.9279495
"Red Bluff, CA",1,40.1784279,-122.235923
"Red Wing, MN",1,44.5624676,-92.5338013
"Redding, CA",1,40.5863563,-122.391675
"Reno, NV",0,39.5261206,-119.8126581
"Rexburg, ID",1,43.8235163,-111.787022
"Richmond, IN",1,39.8286897,-84.8898521
"Richmond, KY",0,37.7478572,-84.2946539
"Richmond, VA",1,37.5385087,-77.43428
"Rio Grande City, TX",4,26.3827771,-98.8205251
"Riverside, CA",2,33.9824949,-117.374238
"Riverton, WY",0,43.0247245,-108.380727
"Roanoke Rapids, NC",4,36.4558016,-77.6573514
"Roanoke, VA",1,37.270973,-79.9414313
"Rochelle, IL",4,41.9239178,-89.0687074
"Rochester, MN",0,44.0234387,-92.4630182
"Rochester, NY",0,43.157285,-77.615214
"Rock Springs, WY",1,41.5860557,-109.2194544
"Rockford, IL",1,42.2713945,-89.093966
"Rockingham County, NH",0,42.9966675,-71.1003143
"Rockingham, NC",4,36.3926798,-79.744144
"Rockport, TX",1,28.0205733,-97.0544341
"Rocky Mount, NC",1,35.9423833,-77.7956949
"Rolla, MO",1,37.9509324,-91.7708076
"Rome, GA",1,34.257038,-85.1646726
"Roseburg, OR",1,43.216505,-123.3417381
"Roswell, NM",1,33.3943282,-104.5229518
"Ruidoso, NM",0,33.3315804,-105.673099
"Russellville, AR",1,35.2784173,-93.1337856
"Ruston, LA",4,32.5297498,-92.6386604
"Rutland, VT",0,43.6084792,-72.9724768
"Sacramento, CA",0,38.5810606,-121.493895
"Safford, AZ",1,32.8332732,-109.7131698
"Saginaw, MI",1,43.4200387,-83.9490365
"Salem, OH",1,40.9008923,-80.8567502
"Salem, OR",0,44.9391565,-123.033121
"Salinas, CA",3,36.6744117,-121.655037
"Salt Lake City, UT",1,40.7596198,-111.886797
"San Angelo, TX",4,31.4649685,-100.4405094
"San Antonio, TX",2,29.4246002,-98.4951405
"San Diego, CA",2,32.7174202,-117.162772
"San Francisco, CA",3,37.7792588,-122.4193286
"San Jose, CA",3,37.3361663,-121.890591
"San Luis Obispo, CA",0,35.3540209,-120.375716
"San Rafael, CA",3,37.9747795,-122.5316686
"Sandpoint, ID",0,48.2765903,-116.553247
"Sandusky, OH",4,41.2951563,-83.1555438
"Sanford, NC",0,35.4798757,-79.1802994
"Santa Cruz, CA",3,37.050096,-121.99059
"Santa Fe, NM",0,35.6876096,-105.938456
"Santa Maria, CA",3,34.9531295,-120.435857
"Santa Rosa, CA",3,38.4404925,-122.7141049
"Sault Ste. Marie, MI",1,46.4976734,-84.3476583
"Savannah, GA",1,32.0790074,-81.0921335
"Sayre, PA",1,41.9789631,-76.515499
"Scottsbluff, NE",1,41.862302,-103.6627088
"Scottsboro, AL",1,34.6731323,-86.0338765
"Scottsburg, IN",1,38.685614,-85.7702451
"Scranton, PA",1,41.4086874,-75.6621294
"Searcy, AR",1,35.9018987,-92.7098744
"Seattle, WA",3,47.6038321,-122.330062
"Sebastian, FL",1,27.816415,-80.4706078
"Sebring, FL",1,27.4957453,-81.4410425
"Sedalia, MO",1,38.7098314,-93.2295515
"Selinsgrove, PA",0,40.8062437,-76.8607084
"Selma, AL",4,32.4078632,-87.0207473
"Seneca Falls, NY",0,42.910719,-76.7967848
"Seneca, SC",0,34.6865321,-82.9527288
"Sevierville, TN",0,35.8672932,-83.5657167
"Seymour, IN",1,38.9592201,-85.8902547
"Shawano, WI",0,44.7817214,-88.7118868
"Shawnee, OK",1,35.3272928,-96.9253004
"Sheboygan, WI",0,43.7128967,-87.9370433
"Shelby, NC",1,35.2923513,-81.5356463
"Shelbyville, TN",1,35.483406,-86.4602717
"Shelton, WA",0,47.2150945,-123.100706
"Sheridan, WY",0,44.7947537,-106.8222688
"Sherman, TX",1,36.2452294,-101.8858689
"Show Low, AZ",0,34.2542084,-110.029832
"Shreveport, LA",1,32.5135356,-93.7477839
"Sidney, OH",0,40.284241,-84.1555267
"Sierra Vista, AZ",1,31.5545973,-110.2997756
"Sikeston, MO",1,36.876719,-89.5878579
"Silver City, NM",0,32.7711825,-108.2764164
"Sioux City, IA",1,42.4966815,-96.4058782
"Sioux Falls, SD",0,43.5476008,-96.7293629
"Snyder, TX",4,32.7180803,-100.918231
"Somerset, KY",1,37.0920222,-84.6041084
"Somerset, PA",4,39.9980022,-79.0415528
"Sonora, CA",0,37.985304,-120.3835349
"South Bend, IN",1,41.6833813,-86.2500066
"Spartanburg, SC",1,34.9498007,-81.9320157
"Spearfish, SD",0,44.490817,-103.85937
"Spencer, IA",4,43.1415519,-95.1477536
"Spirit Lake, IA",0,43.4224868,-95.1024729
"Spokane, WA",0,47.6571934,-117.42351
"Springfield, IL",1,39.7990175,-89.6439575
"Springfield, MA",0,42.1018764,-72.5886727
"Springfield, MO",1,37.2081729,-93.2922715
"Springfield, OH",1,39.9234046,-83.810138
"St. Cloud, MN",1,45.5616075,-94.1642004
"St. George, UT",0,37.104153,-113.584131
"St. Joseph, MO",1,39.7686055,-94.8466322
"St. Marys, GA",0,30.7305142,-81.5464928
"St. Marys, PA",0,41.4280432,-78.5611275
"State College, PA",0,40.7944504,-77.8616386
"Statesboro, GA",1,32.4490141,-81.7832912
"Staunton, VA",1,38.1495947,-79.072557
"Steamboat Springs, CO",3,40.4848003,-106.831735
"Stephenville, TX",0,32.2191836,-98.2130634
"Sterling, CO",0,40.6255415,-103.207709
"Sterling, IL",1,41.788253,-89.6953656
"Stevens Point, WI",0,44.5234467,-89.5844457
"Stillwater, OK",1,36.1156306,-97.0585717
"Stockton, CA",0,37.9577016,-121.290779
"Storm Lake, IA",1,42.6452817,-95.1992726
"Sturgis, MI",0,44.414477,-103.509139
"Sulphur Springs, TX",1,33.1384886,-95.6010143
"Summerville, GA",1,34.480642,-85.3477343
"Sumter, SC",1,33.9204354,-80.3414693
"Sunbury, PA",4,40.8619754,-76.7936252
"Susanville, CA",0,40.4162842,-120.653006
"Sweetwater, TX",4,32.4709519,-100.405938
"Syracuse, NY",0,43.0481221,-76.1474244
"Tacoma, WA",0,47.2455013,-122.438329
"Tahlequah, OK",1,35.91537,-94.969956
"Talladega, AL",1,33.3967079,-86.1597137
"Tallahassee, FL",1,30.4380832,-84.2809332
"Tampa, FL",2,27.9477595,-82.458444
"Taylorville, IL",1,39.5487452,-89.2941549
"Terre Haute, IN",1,39.4667025,-87.4139119
"Texarkana, TX",4,33.44667445,-94.07714830522016
"The Dalles, OR",0,45.6015056,-121.1841587
"The Villages, FL",1,28.8759024,-81.98457902636167
"Thomaston, GA",0,32.8881879,-84.3265855
"Thomasville, GA",1,30.8365815,-83.9787808
"Tiffin, OH",1,41.114485,-83.1779537
"Tifton, GA",1,31.4549719,-83.5108284
"Toccoa, GA",1,34.5774368,-83.332881
"Toledo, OH",1,41.6529143,-83.5378173
"Topeka, KS",1,39.049011,-95.677556
"Torrington, CT",1,41.8006523,-73.1212214
"Traverse City, MI",0,44.7606481,-85.6165976
"Trenton, NJ",0,40.2203074,-74.7659
"Troy, AL",0,31.8087678,-85.969951
"Truckee, CA",0,39.327962,-120.1832533
"Tucson, AZ",1,32.2228765,-110.974847
"Tullahoma, TN",0,35.3620235,-86.2094342
"Tulsa, OK",1,36.1563122,-95.9927516
"Tupelo, MS",1,34.2576067,-88.7033859
"Tuscaloosa, AL",1,33.2095614,-87.5675258
"Twin Falls, ID",1,42.5558542,-114.4700684
"Tyler, TX",1,32.3512601,-95.3010624
"Ukiah, CA",0,39.1501662,-123.2077861
"Union City, TN",4,36.4242303,-89.0570096
"Union, SC",4,34.6941696,-81.642794
"Urbana, OH",1,40.1083912,-83.7524298
"Utica, NY",1,43.1009031,-75.2326641
"Uvalde, TX",4,29.300357,-99.7733181
"Valdosta, GA",1,30.8327022,-83.2784851
"Vallejo, CA",0,38.1040864,-122.2566367
"Van Wert, OH",0,40.8014651,-84.600988
"Vermillion, SD",0,42.7795273,-96.929101
"Vernal, UT",0,40.4556825,-109.528474
"Vernon, TX",4,34.1513105,-99.2860857
"Vicksburg, MS",0,32.3528055,-90.8777342
"Victoria, TX",1,28.8026443,-96.9766308
"Vidalia, GA",1,32.2176855,-82.4134614
"Vincennes, IN",4,38.6772691,-87.5286325
"Vineland, NJ",0,39.4862777,-75.0254256
"Vineyard Haven, MA",3,41.4542914,-70.6038026
"Virginia Beach, VA",1,36.8496579,-75.9760751
"Visalia, CA",0,36.3302284,-119.292058
"Wabash, IN",1,40.8065352,-85.7833563
"Waco, TX",1,31.5491899,-97.1474628
"Wahpeton, ND",0,46.265879,-96.608863
"Walla Walla, WA",0,46.2055155,-118.5174284
"Wapakoneta, OH",0,40.5678265,-84.1935594
"Warner Robins, GA",1,32.6200973,-83.606568
"Warren, MI",1,41.8119602,-79.2654452
"Warren, PA",1,41.8119602,-79.2654452
"Warrensburg, MO",1,38.7624373,-93.7409596
"Warsaw, IN",1,41.2381017,-85.8530544
"Washington Court House, OH",1,39.5364511,-83.4390843
"Washington, DC",2,38.8950368,-77.0365427
"Washington, IN",1,38.5612578,-86.1179768
"Washington, NC",1,35.8725573,-76.6215245
"Waterloo, IA",1,42.498275,-92.3328743
"Watertown, NY",1,43.9747838,-75.9107565
"Watertown, SD",0,44.899211,-97.115289
"Watertown, WI",0,43.194335,-88.7241822
"Wauchula, FL",1,27.5472589,-81.8114715
"Wausau, WI",0,44.9597858,-89.6272791
"Waycross, GA",1,31.2135511,-82.3540178
"Weatherford, OK",1,35.5261633,-98.7075744
"Weirton, WV",4,40.4002396,-80.5899788
"Wenatchee, WA",0,47.4234599,-120.310349
"West Palm Beach, FL",2,26.715364,-80.0532942
"West Plains, MO",1,36.7281652,-91.8525756
"Wheeling, WV",1,40.0639616,-80.7209149
"Whitewater, WI",0,42.8339562,-88.7306517
"Wichita Falls, TX",1,33.9004572,-98.5020777
"Wichita, KS",1,37.6922361,-97.3375448
"Williamsport, PA",1,41.2411556,-77.0011096
"Williston, ND",1,48.1465457,-103.621814
"Willmar, MN",0,45.1219492,-95.0435373
"Wilmington, DE",0,39.7459468,-75.546589
"Wilmington, NC",0,34.2257282,-77.9447107
"Wilmington, OH",1,39.4453393,-83.8285375
"Wilson, NC",1,35.7059114,-77.9175714
"Winchester, VA",0,39.1852184,-78.1652404
"Winfield, KS",4,37.2397486,-96.9955919
"Winnemucca, NV",1,40.9724295,-117.734802
"Winona, MN",0,44.0500054,-91.6392294
"Winston-Salem, NC",1,36.0998131,-80.2440518
"Wisconsin Rapids, WI",1,44.3917589,-89.8228767
"Woodward, OK",4,36.374499,-99.2455382
"Wooster, OH",1,40.7980976,-81.9397733
"Worcester, MA",0,42.2625621,-71.8018877
"Worthington, MN",0,43.6205056,-95.5956434
"Yakima, WA",0,46.601557,-120.510842
"Yankton, SD",0,42.8712938,-97.3967011
"York, PA",0,39.962493,-76.7276989
"Youngstown, OH",1,41.1035786,-80.6520161
"Yuba City, CA",0,39.1404477,-121.6169108
"Yuma, AZ",0,32.723268,-114.6179954
"Zanesville, OH",1,39.9401426,-82.005019
